Shipment_ID,Shipment_Volume_kg,Distance_km,Transportation_Cost,Fuel_Cost,Delivery_Time_Days
1,289.73713224089863,588.9266321297462,709.9033154879003,226.70166456999826,5.639921616783335
2,238.93885590630524,736.4124960705196,638.6950524369154,146.92885702028798,6.381538570848026
3,301.8150830480554,240.21486392712882,508.94455548802614,130.90806699466157,3.670310659221098
4,371.84238851264206,534.4453855035856,402.9594833441639,179.79753255534288,5.621526004834377
5,231.26773002213312,352.403614631726,604.7334970420385,169.7889226485043,3.617324045023012
6,231.26904344406555,376.9311924352956,559.0228078132625,152.8063170403635,4.759453536831805
7,376.3370252405913,361.1409113641696,634.2789830041598,221.78324684740292,5.002547838677948
8,311.3947783322327,320.40138454802764,595.2757702522954,237.31831251423063,4.29088878889897
9,212.44204912520382,457.27824419172407,657.4329072979003,185.30441317751084,5.411506979780252
10,293.4048034868772,325.35748253834436,419.7147182659148,268.6518048633157,5.219685698205387
11,212.926584575003,490.56852386697585,697.6091098451489,111.4986531519897,4.2979131626043765
12,212.74161971437945,442.46428358262943,529.6399407038599,168.3804324432169,4.5932031329452325
13,269.3569817252827,414.15779297003854,811.2891308937899,136.9906607638317,4.498913074934772
14,96.93758042737616,313.8654506937603,396.62182728656484,68.0078029756164,3.4292664697203543
15,112.00657339895739,363.4843004147501,760.3945704747874,175.03915884943805,4.806250387536416
16,205.01699766072218,563.3086838738634,529.6866175193971,172.695149497003,5.475054644298366
17,168.97351037324609,525.1375781436572,402.2872994578328,270.8069845945279,5.372991459998529
18,275.1397866076219,303.36671328021737,427.41712489185176,217.84870107328666,3.5008793595595273
19,177.35807395830312,464.89984581438387,451.94790377085195,118.5487905402477,5.234021973173634
20,137.0157038931767,562.7080685057683,563.6248919602874,291.2455539800513,5.050433660848561
21,367.2519015137243,199.58920783179423,578.425323205325,253.26202173152117,4.268940200782626
22,231.93789596107715,531.5040288569903,413.94499940921315,214.92586220811694,5.689936129602436
23,255.40225637503391,350.606436158123,496.34681116085255,166.41095406901007,5.276987899598028
24,136.02014510292346,535.589800288974,821.3405537917795,122.43364579659121,4.540446383684343
25,206.4493820379854,335.51112651862246,759.1314755151068,157.66759343573682,2.896033505630144
26,258.8738071767893,179.26768490032214,565.4485504511048,245.32491718225117,3.996660645596539
27,157.92051380621578,205.8686343175256,505.70052172523003,293.07517835607655,4.83159014666764
28,280.05584146765375,457.2127419992073,518.0046990077392,272.59461169633136,6.010837792793725
29,201.9489048064956,488.9583752582223,592.0276959095625,150.66903469282354,5.254857462927062
30,226.66450001653786,314.3525062343387,346.58111522023916,112.82295400265933,4.004919346394065
31,201.86347102164825,545.788868816606,461.3935193864982,188.45317481467222,5.913138934074326
32,398.182254760715,200.771990659656,249.71238891836157,73.8936380662289,3.4612386390999337
33,248.9202220209653,440.08803020290253,559.8834683907919,199.3900628510869,5.335239605436727
34,165.38312568352796,268.3475700356315,597.0793909554111,171.14384482207987,4.267526870772686
35,315.8035929682551,352.22458382967613,427.5220306550939,152.03780988790547,5.2269106786101425
36,152.3325080023182,457.1098006974621,736.0980144935049,84.31781596399227,6.1386796708754705
37,266.7090876003804,320.93799520740714,316.1351505496488,210.81600639418298,4.755948147615546
38,93.22639008961795,392.3166683655262,280.343767968527,148.0379496202853,4.189630208393689
39,143.74511608812554,600.9439213821661,533.6677727839958,109.80498985738272,5.49903266270585
40,265.74889886952985,363.4662195715277,657.0647453918232,20.0,3.504290943152139
41,309.07732639963285,575.3538168097713,752.5891537186803,178.34910569696183,5.5042653826975165
42,263.7094624951976,280.5439718013573,431.16736056965897,286.33509580018466,4.298167756540999
43,240.74813740894075,529.4706266872925,661.8021250146944,279.67555287287223,5.426156315032792
44,225.9117043528569,666.235293098685,494.2237295748939,152.57422460482368,6.1643257594256475
45,131.7182407706058,79.2533249809066,474.1059050088771,143.86727637829318,2.536227693011231
46,192.4124633284233,330.46571167942847,632.5489906230009,208.12645536450142,5.013921729445228
47,213.148898323217,536.560819077081,597.848431762013,120.09687364870251,5.349399171788343
48,334.5697780975132,419.5431920935511,263.5411764523626,198.10751398916796,5.158420384071811
49,277.48946316547693,505.6718810056963,721.4810524588844,225.96481670308142,5.37132060650914
50,108.95678757098128,359.4022219926269,707.0137031221177,253.61599343305846,4.599752013900703
51,275.9267175515836,462.988468120935,406.1655947735706,173.99075541120283,5.627326418864065
52,219.19341756669468,426.64841469118807,559.3705300156114,167.77957498938204,4.473622950712644
53,195.8462399755233,625.1673092489712,574.1045279424109,127.32104479460634,5.443112871247487
54,298.93410310726944,488.163126495182,539.1010648735861,130.3871787576084,5.147595181817334
55,332.47996179967606,500.6403993112803,417.454226923187,166.41126648590838,4.828048991390963
56,324.5024095292959,388.2184550816299,399.25649480929224,202.0419304089707,4.584552025423934
57,182.86259814218892,376.859066389126,496.1668893512832,234.81507757399498,4.481540246605668
58,225.26300993190284,385.11627182705683,675.9093528889047,131.8092629591793,5.0769204952738125
59,276.50107451228513,509.1678213567445,581.5400231891649,269.5613141375713,5.769244548584397
60,328.04361016978874,386.85232787696054,444.40785018708414,163.73258393744587,5.014608983283044
61,211.6660609723768,493.46622853446195,615.7548065972517,178.71796233909384,5.673548170379236
62,235.14728186689462,761.3101197968158,72.71860690548868,135.1672992511306,6.478493867020431
63,161.49320207951774,580.6687055147538,672.3148550558155,34.54558438362349,5.490653525464496
64,154.30347007354635,401.0964701748238,239.04293318328507,233.04272378166297,4.72856386211829
65,315.00206579153587,630.1820883245917,445.63385878953017,224.210633825546,6.362017015556937
66,358.49920228566583,388.7886940467673,332.04951580607843,163.12034657290718,4.695803239145192
67,244.23919027357329,144.28131972332193,305.79777864186417,184.0194430334923,2.3585152860925263
68,330.2826318313619,298.78705336238943,674.124018106778,210.95635306224597,4.509273655506011
69,278.9308820038107,169.38121184612163,429.8448198032163,86.24724858680744,4.288636388461815
70,198.39041963159005,397.27297739380367,551.9755822596073,148.2568393592223,5.14276710607144
71,278.9116484406731,452.76275687843275,492.9619131681224,227.65588077730962,5.759647585123715
72,373.04292531727754,701.4655968412924,571.5561240834683,104.74263460984504,7.080964464963817
73,247.13391687120387,499.0391060646244,511.5232836590383,197.61347592999775,5.429019111406243
74,375.1714924651205,417.13492067867037,307.55116637171454,98.6050917225957,5.131885625471583
75,40.42039167282044,574.4108371775234,649.440022917071,207.98579894601158,5.060040619408106
76,315.7522003500179,118.32970364881726,425.9365125258031,177.86151106215098,3.4208395130548994
77,256.9637654590537,485.3421837162849,266.51271520103734,83.09209104566943,5.414708206476441
78,226.0794119627306,565.629779083045,435.78272585511314,249.88436126743028,6.382018660459956
79,257.3408621228402,228.21206313302378,725.1139685951466,135.92450539211706,3.8578679128545335
80,90.99448683192858,621.5631064810393,627.533261317024,131.38485377913713,5.327479581201622
81,232.42624897299905,500.77446112416214,447.7021798388211,192.03415183385658,5.353057086662821
82,278.5690057209397,387.70681291487983,447.6113443522357,248.91824096572293,5.2941119324122825
83,368.2315235793213,544.9172799159427,451.7547423173926,119.05069086129618,4.9772234203941785
84,208.5383825381082,790.6039286706593,811.5121975341261,183.7007909908783,5.589407513842651
85,185.32051176854497,477.2799382587743,557.2903178347331,205.72899001983438,4.893230270124837
86,209.85943651323709,487.23308794505044,564.5062470786604,221.58633643578864,4.688700772666225
87,323.2321694161659,381.09586506896335,654.5425181047763,190.58649331663352,4.67904655198676
88,276.30008877277476,322.5233445802812,535.818373853977,157.97832965500066,4.407283400348222
89,207.6191836986369,574.5503724816368,461.14367812689454,130.3445867610768,5.322055198816105
90,291.06139464906846,321.58742611366995,470.5475226372533,185.1686329827825,5.286630953067425
91,257.7662039478432,460.73493558290886,489.2598110878904,115.67165928086358,5.213922786673119
92,327.49159924263114,378.3513829852325,494.41666452352376,20.0,4.736977293216839
93,193.8357524898118,521.8469738619588,609.1444315455469,206.19358824946008,5.720397122810039
94,223.78702827217853,500.04931579304224,507.7918828710949,234.2360904651717,4.846876257549527
95,218.6313477494274,605.6309916386849,609.8960115823369,38.22405386748969,6.0614216551373925
96,132.9188041494305,373.49754017178793,487.89251298371266,119.41615771740375,4.3342754813248785
97,273.6896221651661,409.5187597059943,511.7952785474136,217.14925566031187,5.3645118628015345
98,270.88442177439117,303.1854426326539,200.26989732018387,303.4497281827019,4.128666896557378
99,250.40907653139686,383.35601098858325,637.4491512053722,181.24762246052447,4.003214069918727
100,231.23302932998826,506.59507395672784,551.9732713846989,136.31982352625192,5.677025904508634
101,136.77034063596687,563.5482924968028,649.7015164789478,169.02621353370958,5.6175393338721245
102,216.34837417877128,311.6752013733562,65.56169327094659,262.49258514889107,4.06503214834335
103,222.58283867785843,580.440888015849,813.2562057171092,141.2421492525279,5.19502287530267
104,185.81781846227048,653.3456788207427,479.06155577672394,132.0484796009848,6.4651783824376095
105,237.09714306671927,512.0152354835551,666.2274225106274,151.03538866907806,4.741635294455706
106,282.3240685451631,731.5193718837099,344.01411093117036,122.80028350447725,7.289182040145812
107,400.8948720968424,333.931620134464,591.9160857593854,187.36021895968773,4.3958579154614466
108,263.96622502654714,263.30179450328745,341.9876655239516,277.4807075081736,4.71859880039007
109,270.60403125782113,183.1919626643582,406.43465589562925,199.38475638696175,3.691628150736864
110,244.04432673870662,674.4066467233774,787.104703080018,164.85878987242273,6.491433182380318
111,96.49830277607668,548.1548484531087,471.397639885498,162.49132386506736,4.986696494490735
112,247.87888996406264,441.6622993634317,532.6149309769585,86.20855147820058,4.795089926665537
113,254.8184167952821,491.99529394797304,630.5101596033131,232.98658662882954,5.45604606428595
114,447.0593689988229,281.1766429052435,574.3522831958907,175.32976817923188,4.149567760991591
115,234.6111228175102,816.862796942524,522.5628357715365,169.17120518456247,7.262290813426828
116,274.123787386689,469.38317729628415,554.7441503699338,371.5864540706916,5.3817295861603895
117,247.22305842358054,466.40921919073395,860.5123377857412,197.92517450194117,5.108042604134704
118,156.50575699043742,558.8649935848038,491.3571804449622,134.89253699428895,4.879946868589215
119,341.42582516120166,522.151384760507,530.1648570072451,154.4185442276674,4.321278833182618
120,310.15464261494196,483.5826036418697,657.5981594011419,248.90674255180528,5.440521907242759
121,313.2825557634437,331.4288316832032,665.8288899436976,186.79622463226588,5.863609430013893
122,177.24900361642088,520.7202535703993,678.0545458340571,93.703321300958,5.537808061635766
123,362.2235448748879,732.3036744712551,595.8095333043777,235.1537360745122,6.8466427443878795
124,137.85191497661754,651.8130069232467,328.5492630904275,139.91135486766035,5.683146159700655
125,296.94856750402164,688.9779939959095,745.0147298451644,292.39786657305274,6.634815784539719
126,425.2364500647983,373.31764853532223,328.04819104719684,244.8028839428789,5.480226468279571
127,170.75709398954493,301.55927696121284,545.395319785855,153.16068626047493,3.5652255376516817
128,204.69618163177824,431.1319619850528,386.8586224970963,256.8609817041068,5.63593498393147
129,257.9721092070113,458.3587368433042,490.3792480110511,184.0713306316442,5.533571221614453
130,209.72194767070405,614.1287277706423,549.314361545522,231.16642050733316,6.311513238063253
131,125.94692551470939,196.1303055427771,548.203582317541,209.08396903766848,3.869951186223505
132,255.48503798448218,679.432547919092,563.2881131352927,129.2186007005476,6.176378345812515
133,165.0157029019116,426.2988152131516,742.056690358797,141.38701006095226,5.080730119974897
134,287.88739445081455,385.967839507887,568.030145227097,241.79764905486968,5.285116351421492
135,176.44606126129577,298.1843437109749,463.37650470640267,159.91348007360756,3.9866204457541694
136,373.99475240140316,201.7714992201346,644.6130752432537,155.7810922054802,3.7816082988659887
137,187.33973661310102,573.4755875942872,678.420573338696,122.69264523903882,5.538370849306709
138,224.23507870354595,460.99769507826056,315.85882772945115,205.41594393560766,5.938800596417204
139,315.08137738957356,256.50586503884193,589.6100104774787,303.7514951545887,3.9006415324555834
140,151.5308546852836,255.7381841904576,605.1759113466347,115.94802514474362,3.0798860477361223
141,268.19679476833034,399.6322951064808,455.3654744960012,181.4531674003655,4.979841820488054
142,354.57142034259425,700.3532287934089,706.3560219967429,264.7332333249258,6.765819302230094
143,121.4013412351018,411.06129729545927,477.491661945121,175.2215165252571,4.735223034183218
144,264.7707086825843,224.52855703228408,518.8364680207313,207.14230777498403,4.188445417030807
145,270.7906235398739,413.1385403871084,474.0392263574196,116.25638831118721,4.728185598320262
146,312.5458297421848,409.09146453784945,502.33685713722014,205.69842583245892,5.826877553139576
147,151.04394312975344,50.0,335.55873696571973,168.77134409972706,2.089178585220703
148,144.3634709532579,441.85577002232816,283.9923676108558,239.1437997407918,4.562044879109617
149,291.7553252493518,415.35982046869833,739.1757594837459,251.24316309388507,5.111168698955441
150,273.7587738586549,554.4309547220128,372.9557977522508,335.37381852111685,5.168825552792523
151,270.0394280276701,727.3434142418018,351.2911475815539,214.77799039281453,6.518424705833943
152,277.715856759758,618.9847544321636,176.9914829594428,199.54777899492998,6.880186126534203
153,195.59802227372074,409.66669641677544,404.15573784657465,191.66305809464015,4.83329888696858
154,268.5802957728803,284.02111368874944,301.53653098887526,158.8100224313587,4.390236657711567
155,273.4457978638945,836.0039704874791,746.3022740204553,200.30903060770146,6.497447126794298
156,192.85188655789057,458.88276510217327,651.4725634013951,162.27591539165823,4.696488725390226
157,399.26196089158054,452.0893937869419,396.7774482233414,190.10765857617685,5.251588017708257
158,287.90663367294303,446.3812369334995,837.8653708016463,259.0558521364776,5.166973607908221
159,154.6957202237881,479.71271411517824,647.2648230487391,119.60744608322153,5.587991800691795
160,302.5242886907064,428.3459382114086,451.27529247370666,248.39271366774273,5.522409226136503
161,172.02546638181428,363.95069896796457,125.08914276896405,259.0269040403919,4.126129257215719
162,312.96676829939616,367.9711588139412,843.6413858886112,172.91588838053528,4.9348734966455705
163,342.6876463205923,445.08700946760024,291.56412998546057,52.68870605948433,5.2652986263465476
164,184.34541453186316,368.48628432993524,253.19018795646622,143.53068077433406,5.068258131522704
165,327.07009033954574,343.07313259842533,653.385564801446,257.81967279366654,5.675415532542737
166,283.02247415491985,465.96453415378454,865.9628609508909,178.62791626206706,4.7455763556889625
167,315.7648127995592,411.7534173868717,707.6409227765778,120.04186606230536,4.5249516890529184
168,401.7434386123158,675.5989482874033,584.5863680078539,149.71350472630695,5.852119698656955
169,230.36895071977037,52.35452874104823,589.2131512497929,230.4372015902732,3.0663750187718377
170,189.70110685140082,613.7260277883693,628.0123338170462,212.80401409208275,6.106819568051981
171,178.83884562995814,636.9127788746443,613.8392884680147,165.66407404981834,6.367236992027326
172,184.73517720276493,138.99146513877758,542.1787135954064,157.99053529111876,3.3424332388603943
173,243.83186324687168,398.5968608879477,515.6301655927814,156.4945110573707,4.6337132914208015
174,277.2921579853315,394.2838701006313,490.6110308150716,124.65538893008986,4.851193440458369
175,272.13526394640155,238.87324579232683,386.9053116699986,276.9225413681665,3.874910388775759
176,316.1746599228819,333.3274968613687,457.89873846998387,160.6607718473196,5.665077708694632
177,251.04015135023255,283.4136231801257,246.0564778706922,253.02951124952978,3.6213769275411227
178,366.28272617258534,712.8405665135434,485.2490559807875,271.2789631153471,6.931696500591444
179,228.82745334096353,590.3517589721191,351.7113339273624,239.89865388887762,6.901014118935096
180,467.61353332716953,640.7332642491237,334.46160241763437,154.1027812369171,6.4504988726537915
181,300.0533878212005,558.2508096064853,526.9841226730217,204.22380542019656,5.704788917014474
182,181.42739548669738,280.6422343174156,708.8003429516899,178.54826361654503,3.9444397783883494
183,164.32860015511102,371.32196005803394,637.747490900347,125.7778883561923,4.346626936431573
184,288.59779321945484,523.4061841841877,264.42490945652344,199.46155690329618,6.2795738585047065
185,232.12297717393193,266.6808286662082,351.55577951444934,109.25761253041185,2.910234367074975
186,307.12003952736734,556.9497645258582,641.1156781982324,251.26076330769382,6.668227278947576
187,287.8590099658836,413.95119027627976,352.62689096925357,152.12296216209643,4.2377413194122875
188,244.17368698745017,393.77687886756036,466.30502750044633,192.06957935237037,4.7080447624002355
189,182.2565025545276,556.6439952305237,582.5078148536828,196.9972722927685,5.32710531569788
190,128.81222202513084,516.639496722906,354.7483317704547,164.46570157775537,5.464029965705662
191,214.27880383463832,395.85507512713804,515.806325921894,215.2016280885165,4.039174063540125
192,318.5119035458778,623.8994705046372,299.8961757622693,151.50578060264854,6.290619053861209
193,267.12749953041634,287.84050086001537,409.79485340731793,232.27783784743465,5.450167990699206
194,150.34089770304095,542.3903410416395,547.9672901213805,99.24121918519509,4.529528936688265
195,263.85447406809453,538.9651886952576,261.0509399702496,187.58277477278472,5.692553524963243
196,280.82539037830696,403.56803410290144,566.0712106940598,296.33573994349706,4.841171342259811
197,179.29140510390937,498.9199533363177,497.05433016099784,119.98012052366552,5.306086421033256
198,262.29800847564223,262.33296354220454,582.8734931625721,139.3353017685089,4.124505326907201
199,254.65669747568,588.6040528810352,533.5871201096992,210.8344709795349,5.553259146793451
200,158.56237617355015,422.26467953355166,704.6210644960767,190.77490691637587,5.0539341062831475
201,278.6229888278627,371.59154692214406,518.7836753971861,201.03780595641356,5.719453379072644
202,294.86276210945874,607.3513838755334,435.5891688312121,209.35122780885982,5.949733003350655
203,336.6440994540221,344.3484464185861,518.3446254548426,218.0832881137062,5.191075978302478
204,334.30416416279223,238.73080554546604,581.4947043554582,246.58199051737338,3.7087898581520795
205,139.7864505634327,216.50562397141445,507.32901054885565,204.58911941571074,3.293061071406355
206,174.97399680679018,540.9014927018459,506.0887536805824,165.52454072288745,5.621707677508772
207,291.2028213766928,257.93559712555754,394.7012468289867,220.35442207216389,5.054850486793484
208,291.1028760729767,713.2191272976547,400.56486236735776,293.99291609371295,6.914093895214483
209,291.2038149044838,137.7105888174417,289.60920923004596,172.04197521704558,3.45851550906869
210,558.2185192523777,704.4684552435058,762.436511478041,121.52824171976151,6.881481500873485
211,295.67124085545333,481.65262008039275,313.42051469130723,246.42484015721837,4.867251395442448
212,340.8452512144479,435.49303321944114,396.0642203306139,172.77713016278412,5.506967592029352
213,326.3201410794562,368.2621369786575,392.2389101646204,49.639827239157825,5.03439715269222
214,302.11130010446385,509.87041715281066,634.2386565416662,230.8453006290253,5.389220120814492
215,224.77846042877235,444.35479463627274,455.75754825619583,147.88030884276463,4.732070437844686
216,310.7175376394614,615.4952823024782,687.16131090106,174.56800306175035,6.180986607740839
217,188.17398283699424,467.13414729930594,398.97640636341976,199.91881983414086,4.8934964738185025
218,231.0545114607993,472.54526421928165,541.8491243335703,191.42998078674398,5.1746289982785845
219,211.1709161736717,395.4581681679216,374.6979420110364,222.56710902834237,5.894627785826894
220,256.5499311509058,441.4581564418399,821.7723691660083,153.8708177658094,4.904619429669631
221,435.1726853338807,496.17026533380886,321.8602371455731,210.78634789056497,5.593599317107325
222,100.61878459266015,193.47474110150614,546.4731065340541,164.42719934496498,3.173694770565201
223,304.9008152299611,247.77218668414304,595.0665321398147,224.32862885325017,4.669415807337106
224,120.98273030482787,561.4896141034072,562.0698646177248,216.9220490407832,5.392645542599207
225,212.24545073684533,475.6298157191913,472.20685116834375,123.87367787732428,4.725700816663583
226,337.1160477573893,422.40249954709816,480.5268950399861,245.15892697050194,5.937214463327779
227,255.14240152763702,452.76508995980896,506.57172079686643,147.84219329315712,5.779596141697453
228,163.7804177656555,502.1372558042507,477.9496997557267,228.48346789686872,4.995002267476949
229,192.77570325920254,369.03604795359576,644.5818675192364,202.03723880408043,3.7015361482142364
230,304.3678199147741,333.2542911896531,831.5784502387028,290.29102060770737,5.359345981911689
231,191.57066946262907,479.37678826465225,416.376232248825,166.59204105768887,4.770894449483896
232,267.316687166558,303.2440833577452,294.52955306313834,159.04099223290814,4.764248575169043
233,253.6457471923051,511.2379133571708,486.75769274731175,178.83482364673606,4.4360987996080175
234,197.87197219153464,194.61245936432394,886.9564006481478,161.80921302994346,4.138723336414231
235,421.51552714602605,604.3733455988465,379.44881480454035,227.996514116523,5.71530484587894
236,300.7135217854409,520.8896223619564,745.8675208166101,83.02136349380473,5.737299941901536
237,87.98859306739143,488.40446014708135,751.6551221114661,116.77905485121875,4.858694130490845
238,264.9163451815542,597.403647591827,416.9617637438008,115.93182470524842,5.2717448680344186
239,197.05708281852895,699.8211666693865,585.3474618777913,237.01845551841456,6.163738753557429
240,318.1946667836979,602.1555097527196,744.2594934692806,282.6368023549155,6.555599715519174
241,186.59834092538395,173.86886530025322,443.13083885187694,173.7330468877517,3.6429543286851547
242,240.8210846826481,258.0634549896448,469.4629459846457,169.87069660859936,4.403907327766961
243,290.3989823184366,356.2772133456482,412.74786290770345,184.2031297867909,5.718810583196438
244,319.2604155336097,453.91365753162506,347.78649039607,249.71269815649143,4.625393709182802
245,153.9762874355379,527.6488530703684,402.6083682400989,124.35881194856555,6.003520751604361
246,223.23990113272413,341.13842802698014,316.4089599856615,194.3021389640871,4.592954189090129
247,212.0043751071235,478.01501467156174,505.1125202388839,238.51185778694577,4.841715514984383
248,197.73366139410305,336.6925601470016,384.50401534120374,210.06565019639072,3.8339046110465
249,391.23633922248774,358.27232955120775,535.0678867686122,191.37489699592462,4.8620239248043475
250,282.39853687687645,239.00083547276665,266.6156530694559,240.0627655540285,4.700751838187872
251,149.12928365319638,311.51501308336435,549.6320348321685,20.0,3.8320590725344474
252,323.42895576438207,247.24730915754995,625.0293442413387,220.67251917185445,5.0800169607838965
253,419.77249576101065,303.61901205340007,200.93965361428167,140.75545901235458,3.913563124787951
254,332.59722084409174,608.046269491176,556.1084854771358,70.16202618861259,5.839705367598261
255,128.45040272367893,307.59016667520854,684.1503488709939,210.67215597149885,3.589999228559839
256,211.2612741706999,844.8573097256086,318.5538471963192,262.41951270977745,7.353464063701481
257,351.3528919349298,523.9976851321334,750.8858580256555,171.75308912233848,6.109644082823854
258,193.38644275049754,477.72541855423106,562.8528514049068,237.17247283217634,5.039364027095976
259,285.5055542516983,321.246332972818,394.24822163623867,276.7366954793187,3.4286092360125573
260,311.97072427434694,555.0464819113487,491.6346383513441,258.89486721504284,6.016437665933769
261,175.84556227375336,363.65432606433393,583.7490368782584,278.39787176228356,4.945127774260499
262,245.237971515056,468.30147219680424,511.4008087118617,224.52764946431353,5.483185980423609
263,20.0,834.0126807403192,580.8133988669554,184.52601833409557,7.197006536280863
264,168.04898869325683,435.5910150413025,361.8989610380951,83.8820512861699,4.146290315340841
265,229.79454788854719,622.3909989428514,525.4041236054117,165.2362507122031,6.242124644640982
266,150.17734544281205,344.5235362311169,287.94282546425296,129.4052042810285,4.878036536842253
267,380.5929043145308,444.75172642545573,483.3160907976949,310.2565630498688,4.71616377485282
268,135.58868976314938,715.6200953453265,364.41385378028156,169.4468512540598,6.34799747172054
269,214.7964410642413,355.9549413318349,389.670508611535,187.39228840706915,4.33206225009796
270,260.4592461828873,721.8672836995393,685.4139762815656,213.08912256242806,6.515671819437504
271,365.30186312528923,556.1627903183213,663.6965180891403,182.61614678234722,6.050488213176047
272,135.13102790564486,365.6299836158598,591.3707181360766,281.7030624258452,4.418203816685503
273,343.05310017239674,544.8611608583282,336.1530852991132,142.64103829593287,5.357840041647494
274,250.81864488156697,595.8831674440095,452.5387325457797,191.67644731423457,5.8814822303556635
275,171.47930791616392,543.2714943325794,681.9646549968775,135.4517648581171,4.786596647780058
276,286.9682779410617,214.46629201643154,521.2575370459857,100.79864932675765,3.304952750175203
277,265.9247756458776,340.9294236262697,847.8994309972541,143.29385454568288,4.862771019992722
278,201.98264982729643,412.8722046672743,558.9976759091558,177.77779217709528,4.249484889765826
279,255.5841667992015,438.8349856349931,528.8073674735048,154.2418665289644,5.3469832452859025
280,219.1749122510592,543.1008146326017,453.6325303696248,138.45474120756865,5.662059026507239
281,259.08138762009986,476.65515013998805,520.0311357173423,95.62095217968997,4.229777065904222
282,302.97045396168375,249.6983461934848,477.12952454291843,175.0136656422783,3.8656776440075205
283,376.8813452916282,507.0296776508945,606.2163015032886,89.71677755813987,6.065399335477695
284,150.97476009385207,541.5878617925734,643.5053475191876,225.60335782137616,4.9705127792234824
285,420.6426699725013,533.9685671896559,382.10158092380755,184.9463851760702,5.648818815090729
286,93.83297603819986,612.1171088331932,300.31505696633326,92.54691003210417,5.664375762932523
287,237.85719239715334,575.0883231823357,224.56919403450553,161.4474553770082,6.065746166101299
288,297.06537651876613,518.8770118842655,576.1986990368815,134.870615664565,5.332487600765742
289,272.4793494188026,439.4751432812029,334.49500907391894,199.15047062515083,4.8418802591481
290,200.1840384143525,200.85585997260128,177.0664110571276,260.4270267613887,4.6366863610637425
291,233.35021997141797,514.4427328698879,558.2867906796446,67.48965182125532,6.043343239833575
292,210.55992522729338,481.1531530744667,873.9499276149186,186.90156474884503,5.690117770715508
293,202.85081944446307,490.736825579306,499.089363269016,170.39203226600156,5.242828902599971
294,317.96816776168197,258.48771362695356,625.7736161677462,220.28040458702793,3.9648028520117244
295,278.5612388772038,287.84151893876066,512.2744037821348,192.79179769426133,3.966691464558451
296,194.56723237914767,607.9729279999356,485.1665520213286,134.88184009567084,5.960019837582194
297,321.96799003466003,444.06672692150175,637.8614724481653,160.8567638600029,5.395182252841176
298,274.58396167012876,552.2251046058936,456.4588183717023,132.23844859179064,6.2755696400265215
299,315.0289695071168,454.24775641956916,540.1088471107854,244.56042831591589,5.7156426240119815
300,300.37030735388896,454.4634209243618,548.2546709294021,181.27869892031654,4.484074966290311
301,183.68039912623422,590.7425708963997,399.78643195354266,294.0714411451804,6.435190343886287
302,205.18551678424245,372.5932907673939,648.8063524304785,176.36035117112274,4.1270278760904935
303,309.7834884098609,464.4181165411475,473.7560364956887,137.49559398537224,5.024663111520028
304,298.8296212346772,380.6587066942436,386.6382260760733,89.17713644323037,4.80440715195288
305,248.32787248286814,384.8255658851526,580.4764765355606,71.8116194246433,5.5622405581327685
306,259.38619066470255,403.6241814797041,365.2298027313444,84.95184341967061,6.261756253569947
307,352.213191663074,483.3200657450569,504.2271736053692,196.027599060689,5.816443439740901
308,202.67428889313362,378.1877067504784,498.6321505033695,210.52350139379604,4.625735804966057
309,293.767790493603,638.3634188360281,662.8843348747367,85.128557878072,6.216862615163765
310,233.82458780528847,315.80890466707444,571.2047349319929,233.70229884456694,4.9579260095720015
311,232.58550374182238,421.96925337579614,496.24595618822843,151.01633689899364,4.716716135382017
312,337.9021481589752,384.04034125887375,622.6649448800431,188.80758071913297,5.871226842006746
313,316.0333079190424,667.0466826530599,708.5311323525971,276.73323769532544,6.635801884089736
314,315.0807708800511,479.4832164767362,583.6715459527793,233.8103589519319,5.744069886593343
315,354.43830457234634,604.7766809202952,501.5528929765071,163.88816112565007,6.3934984620246995
316,251.68030733062074,227.1659440444542,303.224565147476,126.52846647508275,4.103040573140905
317,304.5562377035971,490.05753988038884,340.2329505386941,50.89107592024169,5.580652576884427
318,225.17865947252352,583.4446193435156,454.2162943467998,136.85080084545478,5.332655424080072
319,275.9333081990754,462.34259839131363,408.5731696761075,167.33218567033833,4.91909310272238
320,239.58855565058522,609.8220562598027,471.9543045521831,120.76922837092897,5.2197487328561945
321,257.75967719941747,372.4067324849442,508.49748873456605,172.1245819744617,4.9415527960825925
322,297.6125620349531,661.402116027837,579.4539131535096,184.6111129775261,6.6609261819202
323,184.5423453413222,794.8347185428875,489.4251832911363,166.5086410915153,6.905161998656056
324,417.39098205483685,395.57421593405115,572.9752465739302,140.99984515059242,5.931898950754883
325,169.51860948002383,383.1746217898842,509.67116222151805,190.11928031800366,4.632350879130952
326,152.86491097698143,668.0076715676552,203.68001504691932,206.51643897416454,6.393171885536825
327,342.6488698800054,686.9358218596069,359.0996909271869,114.57605535342924,5.803278521695248
328,313.3330155170349,371.5709959270098,478.3868666417577,264.6559427847762,4.820283045001471
329,299.9295853641724,386.9719774356214,318.5457885738339,174.0847120629443,5.230657360815229
330,300.2676407411424,407.73230867092394,589.9893094994306,181.13097737669085,5.4260098349618575
331,249.02025817224683,248.33242334485846,729.6126248515546,222.49286539539344,4.037704890027482
332,178.21965028113348,312.20220802737026,682.8142777545975,193.9929678758101,4.269636650521704
333,256.0643646554981,299.37888498718985,467.9835693604688,237.1881980347947,3.7244626769761293
334,195.82706307903106,334.83036523438074,723.6089205274928,197.22744991210945,4.28174625175088
335,328.0095786734201,444.7972668919828,522.3001185803167,143.25375752157373,5.611704588609794
336,238.23540947982892,485.1322098804781,449.4371043322941,201.6902115123661,5.5931147994400625
337,183.96022425659908,682.5750739221115,407.98960046885907,111.37642756076029,6.253881533935882
338,224.28913266776053,300.24689388918137,454.62954702678076,186.5135823465914,4.34772674306509
339,283.0345163420499,597.6483597714875,441.7734772188157,178.00620056133235,5.91385481197829
340,204.902035775682,417.90167336617367,525.5624333563231,167.5129885636476,4.504177845772804
341,184.2223683546855,442.5804435521351,524.0860971574797,172.28774931366416,5.275336663198642
342,269.494976919353,551.2229238249905,500.45690302301216,67.08905727014165,5.639769159698637
343,269.5973256886978,281.59169676565523,565.5407254619524,147.0765055355423,4.4873155702731555
344,209.4445459703096,507.3614619276076,678.5969412179512,185.57069406846688,5.0638203683817995
345,212.31693555053417,474.9678312319584,642.4331203161986,189.59138351984402,4.101984334364927
346,268.5639949886109,523.8676896012223,277.26530473251444,118.33949154444251,5.941721776949066
347,134.15325268021405,493.37529658617274,116.9118297647068,255.94247045188206,5.007649201190854
348,137.40289804987557,818.2950209866342,640.147986685891,128.02950910712994,6.190952037225621
349,192.52446229980512,354.3390023623026,294.9681952376868,238.16743203160422,4.9798182564313285
350,232.9242278630522,370.35045674972736,466.2851897160975,205.63166171230108,4.532857742939779
351,274.8726052478404,356.52892103628534,324.48304609109607,141.2263614093718,5.144810730519162
352,368.0284973559642,366.6784321259618,229.70293436299704,286.5186535565707,5.450989437243227
353,318.61276985616155,354.39193090402233,581.2194092307182,108.38179009461119,4.967733436021896
354,237.20491760292583,628.3524796661328,613.873274045397,235.1492504166001,5.403492878769449
355,248.4787033677849,663.0756371984783,413.5234398909921,240.0349390825787,6.898377463586319
356,169.7976508289753,364.38805593757854,111.34365617826353,139.7627874554013,4.571686421873574
357,248.5189491206088,325.1466640343657,418.0633327621276,263.5479180038597,4.465228484797664
358,226.90730888638893,520.7123334579607,558.770600810382,164.99720912406283,5.459064936981833
359,275.81748482704717,367.1665433578543,278.1632646838807,197.32161775679143,3.8939933055077884
360,183.82152451581416,544.9397726633266,527.5039879668733,195.61931032627325,5.687906938741143
361,291.5477211392938,480.43845312769497,497.70352262405066,171.94147551176712,4.81448490484956
362,372.61911304020623,222.63838275041522,586.8937249401632,228.6484963895869,3.6393919896898956
363,241.2991881234514,682.1257801995092,517.937055262123,227.60932323313278,5.587266330601769
364,282.1369377679153,719.3816509643282,354.03965886776666,75.08808160570915,6.867702481063852
365,305.211519336889,358.0816964273421,679.4857252496737,258.26041457268917,4.602720653109472
366,217.9023622491331,391.8447660096024,476.2205640459545,80.25048071785955,5.322393370940247
367,267.92739854483335,492.87980860873574,495.90431907351024,241.95277226049944,5.216258653128196
368,251.0073920625436,500.16851849805374,360.0098061390206,247.602308209655,4.644383014238192
369,257.81408788390655,548.7816409009246,433.5076623212735,114.5420141870881,4.930358188672282
370,188.1592172915627,751.5306808149525,367.27959289596487,155.35114272272492,7.0625799341068065
371,251.9608139407154,423.4579158758926,474.05809101148657,113.65771989084385,4.7705775580742475
372,289.83986329963597,330.25541331923193,756.7562720213515,167.10473818267587,4.291022621315483
373,366.09148862360337,243.10211579782091,294.21482856029655,161.51794294885553,4.350738555060416
374,326.74166608681656,340.3604940087121,257.96579031848887,226.7796319361604,5.059736434173287
375,422.2545966009245,445.03095406893044,720.6755491240413,258.6185247671765,6.145600421032084
376,188.61219496895603,719.1836795276681,468.6014484272201,263.74102864739734,7.224874459817511
377,319.7856509376543,372.3583051445743,399.6390892010125,146.26991840530187,4.6140183415142415
378,264.66736045906816,483.5681927458348,655.9857031094115,167.44668757532833,4.619045216756947
379,425.18423465741375,447.53656558908716,409.15766903947036,78.99370846674299,5.039306133632111
380,185.3361371715879,628.2589910172126,773.9014570320404,131.64779601022866,5.905403074741138
381,182.8222526255379,829.0398638810432,601.6888807008904,237.89109798584747,6.504746557522681
382,202.04858836447823,370.3696840619519,426.8132887781446,276.9349694128939,4.3312400784169816
383,80.08834205521543,376.5840836222667,823.5962319898256,105.93906768720468,4.426869178371117
384,207.93959826553913,606.6241315603609,409.14276154949926,144.45214445082635,5.713577967449309
385,189.26938707570417,552.2837234439467,611.314305801396,178.41565458246438,5.513187198241865
386,262.03150291809663,727.006098860405,544.8938870609738,196.8096695291764,6.173465171846537
387,277.34047806217274,537.5892277988946,695.2611934098197,131.42378880470125,5.390274315625337
388,400.0936671372709,396.1061863819411,734.2266795090279,205.4436626678454,4.7294890193857855
389,326.033907054884,538.5982246038463,504.800622359865,151.56963917574504,6.093297421042883
390,203.84770754700776,616.3055370874362,386.98731944807247,179.13286374730325,6.3651134953876785
391,178.12682629213137,573.0723271796046,568.9958214408674,212.77705488022198,4.724075467123683
392,289.35353372052043,526.0911046660947,398.3426945371841,180.38533618865628,5.105177833052622
393,144.3813434383486,610.0012034383731,802.0080871289935,153.81684656840588,4.898137769660335
394,396.5167012683483,625.3943385668509,520.4802996624106,173.42341176445015,5.941839951696403
395,344.35520965770297,657.323848655629,445.2017673031837,174.69822244767988,6.283007122593731
396,212.46594783162362,547.3064831384464,527.7020458797363,157.79933820707234,4.7522403779203595
397,112.9492376727298,424.9322879524718,297.93105657054554,164.47223623997385,4.218574481025111
398,358.309789933233,472.0070529649984,354.2578942234023,275.918830230283,5.126513819111275
399,240.83681237979056,630.9763449762536,680.0620861916639,213.6551668764743,6.167499348093268
400,349.0253049578769,327.4596493519146,401.46585815429063,162.27118091825037,4.694563387029953
401,122.44578729645063,505.30099633093516,342.96335259770905,221.81726427064413,4.854162308120239
402,202.04999816369818,390.9991781508959,580.497912879093,159.9708306146394,4.767447984380853
403,250.41949597745466,454.31172344022264,677.8556231994496,250.38747825519846,4.9998325233727865
404,253.75844750117938,641.7677793910948,607.84299659976,202.17853153188562,5.984885299858577
405,213.9947622816605,478.6648602029855,649.4071528708724,173.56187135974628,6.00516361344701
406,299.8279945877999,456.9654822234223,386.48073671458087,206.86301554861666,5.968439957285119
407,164.59036564939245,246.0215788530121,286.7283999887234,85.74743087589005,3.080992868851827
408,238.60964119829652,561.9380349040831,725.200047793323,112.39395186541168,5.92656356958742
409,259.6236505369519,546.8226271711613,451.5980241736796,108.36449961605668,5.875787713407621
410,291.1551067246999,774.488208495819,462.3750475317429,188.5765856858224,6.25777278292383
411,306.9291902471112,403.83326475704985,699.2291212773587,283.95089996910554,5.610315326095113
412,160.02863265297046,482.87254914959084,583.434501410099,313.8780087715579,6.1311419878032885
413,127.27086634115022,487.40755255661327,568.3831658122411,218.28306608644544,4.566873224516051
414,352.2141457518807,686.6179919645211,824.7503517351627,210.0506684966674,6.098868177812571
415,276.5851209583673,435.70567014195717,403.47226544297854,71.93653595083566,5.384402397949943
416,190.1210770754757,491.8532288655509,639.1760192121856,147.4395720159587,5.270135097923448
417,374.09215804180184,541.1844764574809,508.55196873456265,132.73297488550566,5.995310785761781
418,259.2539707434287,477.9913684734537,540.2888418294885,142.74914410493304,5.364257680264242
419,344.34377472510613,383.0349578174208,729.2702639618798,169.91137088491263,5.139033040771213
420,255.40147851280872,479.11349893474613,576.1753634434435,151.67456533817236,4.546483518220152
421,414.85983399055897,611.0447624789658,580.7444118574449,61.24201137745274,6.531086356441577
422,390.42726739545634,296.02270508834096,660.8761005964703,224.87461536705203,5.295512287180609
423,230.08286812167412,469.9454511220314,445.2570905685672,115.63541845561161,4.926468456730714
424,327.72567607634846,344.981877759124,374.11854989914906,194.35481184666898,4.747331889734723
425,301.6300759668118,629.2569943387264,343.2786208968449,304.4449601849984,5.592881292719391
426,359.4905246025879,221.5219642824338,205.04651159359975,124.83692450481459,4.333392097635891
427,172.80612315359164,366.16172290926175,808.4310694910483,28.182748635220207,4.518815078981004
428,304.88411679987513,506.5817812596781,334.51874514174756,162.83974668719335,5.4372611247728715
429,334.67395894796704,684.828604385151,466.8119564621342,246.05757809991428,7.147782775956769
430,109.30084108615085,440.1374608390518,458.4780050166619,297.50084725323563,4.847252065384062
431,155.339318986738,366.72007099602024,546.1110046713651,106.227024332855,4.639036004566087
432,86.86142577919196,732.1735604160885,622.3605818808945,209.8019533941913,5.744362391081151
433,228.4474532444354,232.7979149375634,629.0710232539618,152.0813725931968,3.913271150925963
434,307.40338046367697,120.1791065069877,412.53838421465923,173.64309874175186,3.475811361994378
435,370.1885641676822,516.0021675079998,474.9317429320383,338.66060082102206,6.110363128537879
436,255.92758243358202,374.6918663471083,542.3869925732449,89.82178029629081,4.380194592778608
437,380.2892436457033,296.815077430393,462.69633107246796,195.2243796896744,4.569366335986887
438,139.59188334280867,556.253467094903,741.1018364029989,208.061590305926,5.8895978684927375
439,113.72940485158762,486.57010706567985,573.6462427457377,245.14717949636082,4.932221585405187
440,245.5561840882705,365.38820538949074,610.2316679074726,185.87898920825373,3.8865228231711626
441,280.7252359151446,257.95434019936584,599.4321903001119,198.48303237024615,5.122980189670321
442,247.38442015247256,580.8685992420217,676.0210786227988,156.50108595469254,6.402841047769682
443,84.60463199680987,547.5301766937991,527.153233805556,196.14761647470644,4.653024032859219
444,242.87039683897692,435.1236204330926,305.475207806623,159.40846347015537,5.325029725406324
445,145.64243995961175,726.9955494071498,559.9531927628963,217.29431339136306,6.109363868462028
446,303.5738039064031,289.48728505107715,402.2964659312256,157.82337983738196,4.501974400408486
447,279.32785968774783,221.17122436128918,420.70749773753647,202.62602363413117,4.216875952956951
448,174.8096170938116,346.2137895178133,587.954602813264,178.2442311789013,4.319972743976331
449,208.89064661306452,443.16209754667534,685.7424607150454,247.5630150463301,4.736834978258967
450,165.26291824888386,486.5009173984038,503.19073651040924,176.91637658469082,4.771592650501039
451,244.98567221814625,413.8145913215505,546.3249518898446,73.61805190758712,4.248184447118598
452,326.41138564009907,502.8083094771445,755.3322416952857,255.7152900428395,5.262383794636378
453,171.1419162931565,262.2690863714334,536.1129769232853,125.65606194824286,3.871352243315288
454,290.32372124142756,666.5646906109889,890.2524671270592,140.7740196810708,5.837138940344564
455,207.57939053020473,437.67732324111466,584.8264468447317,144.26032235739046,5.2330920748370735
456,186.57017341901246,617.5943747382191,235.88558612662735,262.4662855902491,6.729667869377583
457,241.43757120363537,501.4088019566556,613.0012431656799,51.85954716127827,4.8036116258280845
458,167.18061420645006,518.5129828730676,557.1737577324167,368.2649120195996,5.783158217085127
459,205.70805557222542,535.4650920348306,693.4629131124118,243.36340854396312,5.825310943557997
460,154.16976859289213,517.1562840025972,600.9772026904938,193.39433484774958,5.516910762353906
461,407.17801063331115,546.4084139801316,479.2316024024339,176.7063599630228,5.937788445051369
462,252.82108415773828,649.3728795198647,316.3552645565951,197.1332444914594,6.51811426407758
463,194.02195936059314,479.47817545522054,468.6465114070962,211.2673457027603,5.449093963743137
464,267.11839285873776,556.3505636382769,372.421931868605,218.71293515700341,5.134584263059217
465,241.01375602473362,436.53964585691597,412.9214825292916,213.3362679602069,5.5259763094490975
466,232.32243203734217,666.0175823174209,588.2867606630914,185.37484087531493,6.60912787604579
467,299.133336003474,348.54115469110957,750.4856756527109,168.15969478156043,4.295648782936326
468,310.6006168037844,720.1410649366223,559.2007294734472,170.9236029807893,6.582722681976061
469,207.5599081911578,443.97630740334847,320.6175406947224,168.30550317883913,5.313276856162271
470,203.9345407484256,235.38373468229278,566.6904002330211,248.02620581202387,3.9761832567426825
471,227.99586422786848,469.2156622366184,679.4947229968477,215.61340333685172,5.7697858701955385
472,65.8463068211532,347.84225137876786,408.53256435209266,20.0,5.092840117845826
473,128.78471502411583,576.0965323483086,479.89742499906237,219.35404659178567,5.183767168655855
474,359.349941395562,352.10640310464134,502.2032292093796,191.6841716831265,4.172077940103696
475,381.5974170801027,383.07248501778304,382.265253037664,178.87747461324616,5.18822150627805
476,230.07711683548973,166.56889035817034,597.2420650765789,156.68889281466684,3.9671577236542364
477,296.1245570444613,382.1540521126385,481.85777770883277,247.4467631991608,4.882479714128053
478,274.9000123634829,86.41810100565652,562.9298665860541,236.85158772737148,4.182224036870508
479,496.31046467641903,212.4145764771415,366.876173329685,133.62733993058345,3.6526455917380876
480,339.5659929147661,564.0621984216446,434.3812549514884,204.4231372274721,6.254748563908505
481,239.76659268153867,567.8700237976249,608.3572036741657,121.70059592752284,5.259354085826801
482,173.55676475196594,513.8186342677448,444.07502718623493,97.22291011266417,5.970341474171632
483,121.48429437939421,304.9535785306181,759.0445776850108,142.39696652460208,5.048788091045141
484,266.27709086937784,442.843296578703,440.0545721578096,231.74360834296553,4.826929587426528
485,189.49194037725573,449.45961913641474,533.7027088627829,237.1875027225652,4.825878413927426
486,136.21970323218608,276.2452966211186,639.8886247809635,210.78512520583757,4.50503008347154
487,198.2741692605979,675.5097452650725,287.2451400600453,223.50574721087983,6.02754323437356
488,163.4761597108484,581.6043435863508,235.87867820288363,210.9706972268975,5.634209822841126
489,384.97133080580517,416.8553739255504,271.1515528144858,141.51110428662287,5.149935950083813
490,320.53118055595604,454.0328758491796,689.3876155140773,205.91535268043643,4.363220867619854
491,249.3621886946706,481.2574211921329,417.221278116133,228.02457151366093,5.354141753330209
492,368.3955311112021,143.73976973635638,883.7298928502378,225.25747978881446,3.5611409834497283
493,256.18946461180946,412.92339262191047,415.3628602013917,251.33480228847856,4.833104085710242
494,181.0972638937389,347.7023628003302,527.6826954795555,222.49823083206383,5.267518805187663
495,371.8499261815726,299.7569985157627,731.3164928851813,201.08689245249496,4.01640518270732
496,293.1128034947727,407.83495606710676,800.9139332238684,244.20901429898566,5.520421009297039
497,167.0203076538835,719.6529790274284,809.2255364954597,178.4087244450564,6.149641494169118
498,234.77290575331133,546.1264291900515,681.2549345889713,127.08752092633694,5.314472915061637
499,179.95053972921943,364.3231515325805,653.6093788717194,170.21598216337418,4.917134749473946
500,139.3760215228531,535.8874172034238,588.8790423801775,135.30584131161305,5.398826458970497
